Task,Baseline,R2,MAE,RMSE
total_points,Mean,-7.75879044656591e-06,14.966572557876903,18.568703692441204
total_points,Median,-0.019821946373197674,14.785714285714286,18.751761821988126
