feature,importance_mean,importance_std
gf,0.30153879825618113,0.024463953210364552
gd,0.27289350190057715,0.026852895451839397
ga,0.12130298160130441,0.014757354171268338
played,0.0,0.0
