Model,Accuracy,Precision,Recall,F1_Score
RandomForest,0.9666666666666667,0.9666666666666667,0.9666666666666667,0.9666666666666667
XGBoost,0.95,0.9025,0.95,0.9256410256410257
