Model,R2_Score,MAE,RMSE
Ridge,0.9093941565821017,3.760273916310604,4.878585890507003
RandomForest,0.9088185529658648,3.9148056315475053,4.8940577728320305
XGBoost,0.9120444059371948,3.8533990383148193,4.806705900676739
