Model,R2_Score,MAE,RMSE
Ridge (Points),0.9374915586704174,3.704295333559692,4.642471391675128
RandomForest (Points),0.9305579178465939,3.976300452402257,4.893180861437978
XGBoost (Points),0.9280627965927124,4.087696075439453,4.980313454993104
