Model,R2_Score,MAE,RMSE
Ridge (Points),0.9374806402453251,3.7044778024136096,4.642876827019492
RandomForest (Points),0.93128873639168,3.9637011959569772,4.867364485391435
XGBoost (Points),0.922174334526062,4.228780746459961,5.1801380174432365
