Model,R2_Score,MAE,RMSE
Ridge (Points),0.9374798771084207,3.7044905414264315,4.642905163360831
RandomForest (Points),0.93018192542042,4.002258682943583,4.9064099814453295
XGBoost (Points),0.9283725023269653,4.117119789123535,4.969580622887892
