Model,R2_Score,MAE,RMSE
Ridge,0.9154804862057812,3.655373733112224,4.71188135874506
RandomForest,0.9108059959663561,3.8682909397093685,4.840427079467267
XGBoost,0.9115675687789917,3.8739492893218994,4.8197185329706285
