Model,Accuracy,F1_Weighted
MajorityClass,0.5358187134502924,0.3738744568863059
AllHome,0.4641812865497076,0.2943136464893303
RandomPrior,0.49707602339181284,0.4977000305848594
