{
    "lr_balanced_mean_f1_macro": 0.6250705532220502,
    "lr_balanced_std_f1_macro": 0.016292779033440466,
    "lr_smote_mean_f1_macro": 0.6250705532220502,
    "lr_smote_std_f1_macro": 0.016292779033440466
}