{
    "Model": "LR_TimeSplit",
    "Accuracy": 0.6323099415204678,
    "Precision": 0.6362800467774221,
    "Recall": 0.6323099415204678,
    "F1_Score": 0.6332757799635814,
    "F1_Macro": 0.6307470393125205
}