{
    "Model": "LR_TimeSplit",
    "Accuracy": 0.6301169590643275,
    "Precision": 0.6331650884885549,
    "Recall": 0.6301169590643275,
    "F1_Score": 0.6309912818301868,
    "F1_Macro": 0.6281298618691926
}