{
    "target": "goals",
    "model_type": "XGBoost",
    "metrics": {
        "test_r2": 0.9740504026412964,
        "cv_r2": 0.9629214406013489
    },
    "best_params": {
        "model": "XGBoost",
        "xgb_n_estimators": 247,
        "xgb_learning_rate": 0.07981684191606148,
        "xgb_max_depth": 5,
        "xgb_subsample": 0.7357311717285758,
        "xgb_colsample_bytree": 0.6522549912119404
    }
}