Model,R2_Score,MAE,RMSE
XGBRegressor (Goals),0.8592729568481445,0.38676607608795166,1.0976531547964312
RandomForestRegressor (Assists),0.5873438544837515,0.7409113917764596,1.1522791264496406
