Model,MAE,MSE,RMSE,R2_Score
Ridge (Points),0.12553347312727697,0.5658660430483502,0.752240681596223,0.9983588290136278
RandomForest (Points),1.10244686109738,3.749851876431418,1.9364534273850786,0.9891243728469025
XGBoost (Points),0.6593378186225891,1.8572369813919067,1.3628048214590036,0.9946134686470032
