Model,MAE,MAE_std
Ridge Regression,0.7975468877731475,0.01896620666121378
Linear Regression,0.7977508254567779,0.01938386447009265
Gradient Boosting,0.800031389769441,0.017015816520642598
Random Forest,0.8070457038391226,0.016106431733965997
LightGBM,0.8140638706577512,0.017498615914616714
XGBoost,0.863344156742096,0.01834242936251817
