Model,Accuracy,Precision,Recall,F1_Score
LogisticRegression,0.6695906432748538,0.6708423104544988,0.6695906432748538,0.664726095614207
RandomForest,0.6659356725146199,0.669166913428459,0.6659356725146199,0.6588416063760997
XGBoost,0.6644736842105263,0.668288037902646,0.6644736842105263,0.6567195532930095
