Model,Accuracy,Precision,Recall,F1_Score,F1_Macro
LogisticRegression,0.6505847953216374,0.6508992870621523,0.6505847953216374,0.6507198115331865,0.6490658629417106
RandomForest,0.6286549707602339,0.6272909091847935,0.6286549707602339,0.6268359292069557,0.6237623762376238
XGBoost,0.6600877192982456,0.6592868778070943,0.6600877192982456,0.6577844057837902,0.6546922862712337
GradientBoosting,0.6366959064327485,0.6355782873022596,0.6366959064327485,0.6334034380470599,0.6297780234201219
NeuralNetwork,0.6578947368421053,0.6569740364337116,0.6578947368421053,0.6558872057184677,0.6529063261712482
StackingEnsemble,0.6498538011695907,0.6487861122465063,0.6498538011695907,0.6479293757447949,0.6449358250840015
CalibratedStacking,0.6483918128654971,0.6473069037173261,0.6483918128654971,0.6468696418648997,0.6440550615241724
