Model,Accuracy,Precision,Recall,F1_Score,F1_Macro
LogisticRegression,0.6549707602339181,0.6551212552914774,0.6549707602339181,0.6550404111680764,0.653333963281198
RandomForest,0.6418128654970761,0.640840172318417,0.6418128654970761,0.6408806159320217,0.6383428254493739
XGBoost,0.6271929824561403,0.6268959572283671,0.6271929824561403,0.6270230317033793,0.6249411349820556
GradientBoosting,0.6381578947368421,0.6372960260178525,0.6381578947368421,0.6374395914623309,0.6350122217760518
NeuralNetwork,0.6578947368421053,0.6575498519456726,0.6578947368421053,0.654420306634768,0.6508734924647779
StackingEnsemble,0.6447368421052632,0.6439693402330504,0.6447368421052632,0.6441197414585921,0.6417937467134471
CalibratedStacking,0.6491228070175439,0.6484163902200266,0.6491228070175439,0.6485694290019597,0.646309802104991
