Model,Accuracy,Precision,Recall,F1_Score
LogisticRegression,0.6381578947368421,0.6370063781247992,0.6381578947368421,0.6368252340796713
RandomForest,0.6710526315789473,0.6704292824783031,0.6710526315789473,0.6705338396893372
XGBoost,0.6805555555555556,0.6823953567140446,0.6805555555555556,0.6757911863425576
