Model,Accuracy,Precision,Recall,F1_Score,F1_Macro
LogisticRegression,0.6505847953216374,0.6508992870621523,0.6505847953216374,0.6507198115331865,0.6490658629417106
RandomForest,0.631578947368421,0.6302189085908769,0.631578947368421,0.6294169907737344,0.6262068127998057
XGBoost,0.6513157894736842,0.6502797564085653,0.6513157894736842,0.6493132964807247,0.6462941531990318
GradientBoosting,0.6308479532163743,0.6294828194540513,0.6308479532163743,0.628145689780546,0.6247064454076735
NeuralNetwork,0.6491228070175439,0.6486118138339522,0.6491228070175439,0.6487784299418649,0.6466691203533309
StackingEnsemble,0.6447368421052632,0.6436268774492413,0.6447368421052632,0.6423768071463526,0.639164537341169
CalibratedStacking,0.6542397660818714,0.6532362993359001,0.6542397660818714,0.6528934093029977,0.6502006957452502
