Model,Accuracy,Precision,Recall,F1_Score
LogisticRegression,0.6637426900584795,0.6656936469124602,0.6637426900584795,0.6577113747567519
RandomForest,0.6410818713450293,0.6400842766814722,0.6410818713450293,0.6378291510686245
XGBoost,0.6571637426900585,0.6630950858261639,0.6571637426900585,0.646769167282783
GradientBoosting,0.672514619883041,0.6783284331041478,0.672514619883041,0.6638916738764007
NeuralNetwork,0.6622807017543859,0.6679830751561349,0.6622807017543859,0.6526822940149488
StackingEnsemble,0.6652046783625731,0.668466458370333,0.6652046783625731,0.6580181121195394
