Model,Accuracy,Precision,Recall,F1_Score
LogisticRegression,0.652046783625731,0.6524449989738949,0.652046783625731,0.6522110815901935
RandomForest,0.6264619883040936,0.6250000225928272,0.6264619883040936,0.6239308201193909
XGBoost,0.6630116959064327,0.666362794277468,0.6630116959064327,0.6555430653578186
GradientBoosting,0.6659356725146199,0.6686821297530962,0.6659356725146199,0.6592936644565466
NeuralNetwork,0.6608187134502924,0.6598815256376015,0.6608187134502924,0.6593124807633118
StackingEnsemble,0.6652046783625731,0.664896364688759,0.6652046783625731,0.6621194441450524
