{
  "Model": "RandomForest",
  "Best CV F1": NaN,
  "Test F1": 0.8941176470588236,
  "Accuracy": 0.9777777777777777,
  "Precision": 0.8333333333333333,
  "Recall": 0.9883720930232558,
  "ROC_AUC": 0.9767441860465116
}