{
    "target": "goals",
    "model_type": "XGBoost",
    "metrics": {
        "test_r2": 0.9621099829673767,
        "cv_r2": 0.9714970588684082
    },
    "best_params": {
        "model": "XGBoost",
        "xgb_n_estimators": 155,
        "xgb_learning_rate": 0.08077306482835389,
        "xgb_max_depth": 5,
        "xgb_subsample": 0.8530411219587128,
        "xgb_colsample_bytree": 0.6679230426266433
    }
}