{
  "pipeline": "Match Winner Prediction",
  "problem_statement": "PS4 - Match Winner",
  "timestamp": "2025-11-19 17:44:07",
  "best_model": "LogisticRegression",
  "target_classes": [
    "H",
    "NH"
  ],
  "metrics": {
    "Model": "LogisticRegression",
    "Accuracy": 0.6695906432748538,
    "Precision": 0.6708423104544988,
    "Recall": 0.6695906432748538,
    "F1_Score": 0.664726095614207
  },
  "all_results": [
    {
      "Model": "LogisticRegression",
      "Accuracy": 0.6695906432748538,
      "Precision": 0.6708423104544988,
      "Recall": 0.6695906432748538,
      "F1_Score": 0.664726095614207
    },
    {
      "Model": "RandomForest",
      "Accuracy": 0.6659356725146199,
      "Precision": 0.669166913428459,
      "Recall": 0.6659356725146199,
      "F1_Score": 0.6588416063760997
    },
    {
      "Model": "XGBoost",
      "Accuracy": 0.6644736842105263,
      "Precision": 0.668288037902646,
      "Recall": 0.6644736842105263,
      "F1_Score": 0.6567195532930095
    }
  ],
  "features_used": [
    "htgd",
    "atgd",
    "htformpts",
    "atformpts",
    "diffpts",
    "diffformpts",
    "htwinstreak3",
    "atwinstreak3",
    "htlossstreak3",
    "atlossstreak3"
  ],
  "target_column": "ftr",
  "random_state": 42,
  "test_size": 0.2
}