{
    "model_name": "LogisticRegression",
    "accuracy": 0.5197368421052632,
    "f1_macro": 0.41903158203900454,
    "best_cv_params": {
        "classifier__C": 0.1
    }
}