Model,R2_Score,MAE,RMSE
RandomForestRegressor (Goals),0.6330885116955152,0.6790311408595294,1.7723806087202145
RandomForestRegressor (Assists),0.6624328836191626,0.5673932417315539,1.0421820839817895
