Model,R2_Score,MAE,RMSE
XGBRegressor (Goals),0.6589017510414124,0.7467476725578308,1.7088977377593126
RandomForestRegressor (Assists),0.6780270465958059,0.5356410591752171,1.0178252761953583
