Model,MAE,MSE,RMSE,R2_Score
Ridge (Points),0.1255321875983553,0.5658651066382111,0.7522400591820481,0.9983588317294811
RandomForest (Points),1.1190131826211156,3.6424195818617857,1.9085124002378884,0.9894359567756663
XGBoost (Points),0.608919084072113,1.6421464681625366,1.2814626284689448,0.9952372908592224
